"id","doi","title","authors","year","publication_date","journal","type","publisher_url","open_access","citation_count","source"
"https://openalex.org/W7125583381","10.64898/2026.01.20.700654","Resampling-based validation of a SNP panel for hybrid detection across generations: a case study in European lobster","Erik Sandertun Røed; Charlie Ellis; Jamie R. Stevens; Louise Chavarie; Marie Saitou",2026,"2026-01-23","bioRxiv","preprint","https://doi.org/10.64898/2026.01.20.700654",TRUE,0,"ORCID/OpenAlex/Crossref"
"https://openalex.org/W7171704742","10.1093/g3journal/jkag206","Resampling-based evaluation of a 79-SNP panel for hybrid classification across generations: a case study in European lobster ( Homarus gammarus )","Erik Sandertun Røed; Charlie Ellis; Jamie R. Stevens; Louise Chavarie; Marie Saitou",2026,"2026-07-29","G3: Genes, Genomes, Genetics","article","http://dx.doi.org/10.1093/g3journal/jkag206",TRUE,0,"ORCID/OpenAlex/Crossref"
,,"No-take zone effectiveness in linear coastal systems depends on spatially heterogeneous placement and larval dispersal directionality",,2026,,"bioRxiv","preprint",,,,"ORCID/OpenAlex/Crossref"
,"10.64898/2026.05.06.723173","Making Course Structure Visible in a Multi-Instructor Graduate Genomics Course: A Course-Level Evaluation of Standardized Learning Supports","Marie Saitou; Celian Diblasi",2026,"2026-05-08",,"preprint","http://dx.doi.org/10.64898/2026.05.06.723173",,,"ORCID/OpenAlex/Crossref"
"https://openalex.org/W7163994555","10.64898/2026.06.03.729980","Imputed graph-genotyped structural variants identify regulatory haplotypes associated with gene expression in Atlantic salmon","Maëlys Chapis; Domniki Manousi; Célian Diblasi; Cathrine Brekke; Junsoung Kwak; Arturo Vera Ponce de León; Mariann Árnyasi; Randi Fenstad; Solomon Boison; Marie Saitou",2026,"2026-06-09","bioRxiv (Cold Spring Harbor Laboratory)","preprint","http://dx.doi.org/10.64898/2026.06.03.729980",TRUE,0,"ORCID/OpenAlex/Crossref"
"https://openalex.org/W4415743784","10.1016/j.fsi.2025.110975","Gene gain and loss drive the diversification of gig immune genes in teleosts: structural and regulatory insights from Atlantic salmon","Domniki Manousi; Shahmir Naseer; Samuel Martín; Simen R. Sandve; Marie Saitou",2026,"2025-10-31","Fish & Shellfish Immunology","article","https://doi.org/10.1016/j.fsi.2025.110975",FALSE,0,"ORCID/OpenAlex/Crossref"
"https://openalex.org/W7162859674","10.1093/gbe/evag130","Comparative Transcriptomics Suggests that Breast Secretory Epithelium Reuses Gene Repertoires Conserved Across Vertebrates Beyond Mammals","Marie Saitou",2026,"2026-06-02","Genome Biology and Evolution","article","http://dx.doi.org/10.1093/gbe/evag130",TRUE,0,"ORCID/OpenAlex/Crossref"
"https://openalex.org/W7162698007","10.64898/2026.05.25.727466","Ancient persistence and recurrent emergence of structural variants across divergent Atlantic salmon lineages","Célian Diblasi; Jun Soung Kwak; Domniki Manousi; Mariann Árnyasi; Arturo Vera-Ponce de Leon; Nicola J. Barson; Marie Saitou",2026,"2026-05-28","bioRxiv (Cold Spring Harbor Laboratory)","preprint","http://dx.doi.org/10.64898/2026.05.25.727466",TRUE,1,"ORCID/OpenAlex/Crossref"
"https://openalex.org/W4411428733","10.1038/s41467-025-60513-x","Switch-like gene expression modulates disease risk","Alber Aqil; Yanyan Li; Zhiliang Wang; Safiqul Islam; M. A. H. Russell; Theodora Kunovac Kallak; Marie Saitou; Ömer Gökçümen; Naoki Masuda",2025,"2025-06-18","Nature Communications","article","https://doi.org/10.1038/s41467-025-60513-x",TRUE,8,"ORCID/OpenAlex/Crossref"
"https://openalex.org/W4409563751","10.1093/gbe/evaf063","Parallel Selection in Domesticated Atlantic Salmon from Divergent Founders Including on Whole-Genome Duplication-derived Homeologous Regions","Pauline Buso; Célian Diblasi; Domniki Manousi; Jun Soung Kwak; Arturo Vera-Ponce de León; Kristina Stenløkk; Nicola J. Barson; Marie Saitou",2025,"2025-04-01","Genome biology and evolution","article","https://europepmc.org/articles/PMC12006720",TRUE,6,"ORCID/OpenAlex/Crossref"
"https://openalex.org/W4409728342","10.1101/2025.04.15.648526","Metatranscriptomic Insights into Microbial Dynamics Prior to Disease Onset in Atlantic Salmon Aquaculture","Marie Saitou; Arturo Vera-Ponce de León; Akira Harding; Célian Diblasi; Domniki Manousi; Jun Soung Kwak; David G. Hazlerigg T; Turid Mørkøre; Lars-Gustav Snipen",2025,"2025-04-15","bioRxiv","preprint","https://doi.org/10.1101/2025.04.15.648526",TRUE,0,"ORCID/OpenAlex/Crossref"
"https://openalex.org/W4417399605","10.64898/2025.12.15.694296","Large-scale eQTL analyses in Atlantic salmon reveal persistent dosage compensation 100 million years after genome duplication","Célian Diblasi; Domniki Manousi; David G. Hazlerigg; Lars Grønvold; Nicola J. Barson; Simen R. Sandve; Marie Saitou",2025,"2025-12-16","bioRxiv","preprint","https://doi.org/10.64898/2025.12.15.694296",FALSE,2,"ORCID/OpenAlex/Crossref"
"https://openalex.org/W4411798614","10.1101/2025.06.26.661685","Impaired trap closure in the counting-deficient Venus flytrap mutant DYSCALCULIA is caused by cell wall biomechanics","Sonja Trebing; Matthias Freund; Anda Iosip; Célian Diblasi; Vincent Krennerich; Jonathan Kirshner; Mitsuhiko P. Sato; André Marques; Marie Saitou; Dirk Becker; Victor A. Albert; Ingrid Teßmer; Kenji Fukushima; Rainer Hedrich; Ines Kreuzer",2025,"2025-06-30","bioRxiv","preprint","https://doi.org/10.1101/2025.06.26.661685",TRUE,1,"ORCID/OpenAlex/Crossref"
"https://openalex.org/W4412193318","10.1186/s12864-025-11735-2","Dissecting the genetic basis of response to salmonid alphavirus in Atlantic salmon","Domniki Manousi; Dorota Monika Jaskula; Fabian Grammes; Tim Martin Knutsen; Shahmir Naseer; Samuel Martín; Thomas Moen; Marie Saitou; Sigbjørn Lien",2025,"2025-07-11","BMC genomics","article","https://doi.org/10.1186/s12864-025-11735-2",TRUE,1,"ORCID/OpenAlex/Crossref"
"https://openalex.org/W7116681358","10.64898/2025.12.19.695381","Comparative Transcriptomics of Human Breast Tissue Suggests Conserved Epithelial Secretory Programs and Tissue-Associated Regulatory Specialization","Marie Saitou",2025,"2025-12-22","bioRxiv","preprint","https://doi.org/10.64898/2025.12.19.695381",TRUE,0,"ORCID/OpenAlex/Crossref"
"https://openalex.org/W4412829175","10.1038/s41437-025-00785-7","Beyond inversions and deletions: the evolutionary and functional insights from translocations, fissions, and fusions in animal genomes","Célian Diblasi; Marie Saitou",2025,"2025-08-01","Heredity","article","https://doi.org/10.1038/s41437-025-00785-7",TRUE,3,"ORCID/OpenAlex/Crossref"
"https://openalex.org/W4415255500","10.1101/2025.10.16.682803","A major locus on chromosome 14 impacts developmental variation of Atlantic salmon smoltification","Marie Saitou; Domniki Manousi; Jayme van Dalum; Anja Striberny; Lars Grønvold; Cathrine Brekke; Solomon Antwi Boison; Jun Soung Kwak; Arturo Vera Ponce de León; Bjarne Gjerde; Even H. Jørgensen; David G. Hazlerigg; Simen R. Sandve",2025,"2025-10-16","bioRxiv","preprint","https://doi.org/10.1101/2025.10.16.682803",TRUE,2,"ORCID/OpenAlex/Crossref"
"https://openalex.org/W4401897627","10.1101/2024.08.24.609537","Switch-like Gene Expression Modulates Disease Susceptibility","Alber Aqil; Yanyan Li; Zhiliang Wang; Saiful Islam; M. A. H. Russell; Theodora Kunovac Kallak; Marie Saitou; Ömer Gökçümen; Naoki Masuda",2024,"2024-08-26","bioRxiv","preprint","https://doi.org/10.1101/2024.08.24.609537",TRUE,2,"ORCID/OpenAlex/Crossref"
"https://openalex.org/W4399527998","10.3389/fmars.2024.1408561","Insights into epigenetic regulation of cyp19a via comparative analysis using the scombrid chub mackerel as model","Mariel Galotta; Anh Tuan Dam; Yuhei Eto; Atsushi Toyoda; Takehiko Itoh; Sipra Mohapatra; Yukiko Ogino; Marie Saitou; Michiya Matsuyama; Tapas Chakraborty; Kohei Ohta",2024,"2024-06-07","Frontiers in Marine Science","article","https://doi.org/10.3389/fmars.2024.1408561",TRUE,2,"ORCID/OpenAlex/Crossref"
"https://openalex.org/W4400808908","10.1093/g3journal/jkae162","Functional and regulatory diversification of Period genes responsible for circadian rhythm in vertebrates","Jun Soung Kwak; M. Ángel León‐Tapia; Célian Diblasi; Domniki Manousi; Lars Grønvold; Guro K. Sandvik; Marie Saitou",2024,"2024-07-19","G3 (Bethesda, Md.)","article","https://europepmc.org/articles/PMC11457068",TRUE,7,"ORCID/OpenAlex/Crossref"
"https://openalex.org/W4404395582","10.1016/j.ajhg.2024.10.009","Allele frequency impacts the cross-ancestry portability of gene expression prediction in lymphoblastoid cell lines","Marie Saitou; Andy Dahl; Qingbo Wang; Xuanyao Liu",2024,"2024-11-15","American journal of human genetics","article","https://doi.org/10.1016/j.ajhg.2024.10.009",TRUE,12,"ORCID/OpenAlex/Crossref"
"https://openalex.org/W4382938987","10.1038/s42003-023-05047-y","Human subsistence and signatures of selection on chemosensory genes.","Carrie C. Veilleux; Eva C. Garrett; Petar Pajic; Marie Saitou; Joseph Ochieng; Lilia D. Dagsaan; Nathaniel J. Dominy; George H. Perry; Ömer Gökçümen; Amanda Melin",2023,"2023-07-01","Communications biology","article","http://europepmc.org/abstract/med/37400713",TRUE,7,"ORCID/OpenAlex/Crossref"
"https://openalex.org/W4377864953","10.1371/journal.pcbi.1011616","Gene communities in co-expression networks across different tissues.","M. A. H. Russell; Alber Aqil; Marie Saitou; Omer Gokcumen; Naoki Masuda",2023,"2023-11-01","PLoS computational biology","article","http://europepmc.org/abstract/med/37976327",TRUE,18,"ORCID/OpenAlex/Crossref"
"https://openalex.org/W4280554122","10.12688/f1000research.110194.1","The third international hackathon for applying insights into large-scale genomic composition to use cases in a wide range of organisms","Kimberly Walker; Divya Kalra; Rebecca F. Lowdon; Guangyi Chen; David Molik; Daniela C. Soto; Fawaz Dabbaghie; Ahmad Al Khleifat; Medhat Mahmoud; Luis F. Paulin; Muhammad Sohail Raza; Susanne P. Pfeifer; Daniel Paiva Agustinho; Elbay Aliyev; Pavel Avdeyev; Enrico R. Barrozo; Sairam Behera; Kimberley J. Billingsley; Li Chuin Chong; Deepak Choubey; Wouter De Coster; Yilei Fu; Alejandro R. Gener; Timothy Hefferon; David Henke; Wolfram Höps; Anastasia Illarionova; Michael D. Jochum; María José; Rupesh K. Kesharwani; Sree Rohit Raj Kolora; Jędrzej Kubica; Priya Lakra; Damaris Lattimer; Chia-Sin Liew; Bai-Wei Lo; Chun-Hsuan Lo; Anneri Lötter; Sina Majidian; Suresh Kumar Mendem; Rajarshi Mondal; Hiroko Ohmiya; Nasrin Parvin; Carolina M. Peralta; Chi-Lam Poon; Ramanandan Prabhakaran; Marie Saitou; Aditi Sammi; Philippe Sanio; Nicolae Sapoval; Najeeb Syed; Todd J. Treangen; Gaojianyong Wang; Tiancheng Xu; Jianzhi Yang; Shangzhe Zhang; Weiyu Zhou; Fritz J. Sedlazeck; Ben Busby",2022,"2022-05-16","F1000Research","article","https://europepmc.org/articles/PMC9557141",TRUE,7,"ORCID/OpenAlex/Crossref"
"https://openalex.org/W4282583967","10.1098/rstb.2021.0195","The emergence of supergenes from inversions in Atlantic salmon","Kristina Stenløkk; Marie Saitou; Live Rud-Johansen; Torfinn Nome; Michel Moser; Mariann Árnyasi; Matthew Kent; Nicola J. Barson; Sigbjørn Lien",2022,"2022-08-01","Philosophical Transactions of the Royal Society B: Biological Sciences","article","http://dx.doi.org/10.1098/rstb.2021.0195",TRUE,41,"ORCID/OpenAlex/Crossref"
"https://openalex.org/W4307439431","10.1101/2022.10.21.22281371","Allele frequency differences of causal variants have a major impact on low cross-ancestry portability of PRS","Marie Saitou; Andy Dahl; Qingbo Wang; Xuanyao Liu",2022,"2022-10-01","medRxiv","preprint","http://europepmc.org/abstract/PPR/PPR563746",TRUE,15,"ORCID/OpenAlex/Crossref"
"https://openalex.org/W3210437627","10.1093/molbev/msab313","Similarity-based analysis of allele frequency distribution among multiple populations identifies adaptive genomic structural variants","Marie Saitou; Naoki Masuda; Ömer Gökçümen",2021,"2021-10-28","Molecular Biology and Evolution","article","http://dx.doi.org/10.1093/molbev/msab313",TRUE,15,"ORCID/OpenAlex/Crossref"
"https://openalex.org/W3199260110","10.1126/sciadv.abi4476","Sex-specific phenotypic effects and evolutionary history of an ancient polymorphic deletion of the human growth hormone receptor.","Marie Saitou; Skyler Resendez; Apoorva J. Pradhan; Fuguo Wu; Natasha Lie; Nancy J. Hall; Qihui Zhu; Laura G. Reinholdt; Yoko Satta; Leo Speidel; Shigeki Nakagome; Neil A. Hanchard; Gary A. Churchill; Charles Lee; G. Ekin Atilla‐Gokcumen; Xiuqian Mu; Ömer Gökçümen",2021,"2021-09-01","Science advances","article","http://europepmc.org/abstract/med/34559564",TRUE,21,"ORCID/OpenAlex/Crossref"
"https://openalex.org/W3106176054","10.1016/j.celrep.2020.108402","Functional Specialization of Human Salivary Glands and Origins of Proteins Intrinsic to Human Saliva.","Marie Saitou; Eliza A. Gaylord; Erica Xu; Alison J. May; Lubov Neznanova; Sara Nathan; Anissa Grawe; Jolie L. Chang; William R. Ryan; Stefan Rühl; Sarah M. Knox; Ömer Gökçümen",2020,"2020-11-01","Cell reports","article","https://europepmc.org/articles/PMC7703872",TRUE,94,"ORCID/OpenAlex/Crossref"
"https://openalex.org/W2946692284","10.1002/pmic.201900160","The Role of p38 MAPK in Triacylglycerol Accumulation During Apoptosis","Nasi Li; Marie Saitou; G. Ekin Atilla‐Gokcumen",2019,"2019-05-17","PROTEOMICS","article","http://dx.doi.org/10.1002/pmic.201900160",FALSE,16,"ORCID/OpenAlex/Crossref"
"https://openalex.org/W2950337916","10.1093/gbe/evz107","Resolving the Insertion Sites of Polymorphic Duplications Reveals a HERC2 Haplotype under Selection","Marie Saitou; Ömer Gökçümen",2019,"2019-06-01","Genome Biology and Evolution","article","http://dx.doi.org/10.1093/gbe/evz107",TRUE,11,"ORCID/OpenAlex/Crossref"
"https://openalex.org/W2972657082","10.1007/s00239-019-09911-6","An Evolutionary Perspective on the Impact of Genomic Copy Number Variation on Human Health","Marie Saitou; Ömer Gökçümen",2019,"2019-09-14","Journal of Molecular Evolution","article","http://dx.doi.org/10.1007/s00239-019-09911-6",FALSE,100,"ORCID/OpenAlex/Crossref"
"https://openalex.org/W2885903338","10.1534/g3.118.200462","Complex Haplotypes ofGSTM1Gene Deletions Harbor Signatures of a Selective Sweep in East Asian Populations","Marie Saitou; Yoko Satta; Ömer Gökçümen",2018,"2018-07-01","G3&amp;#58; Genes|Genomes|Genetics","article","https://doi.org/10.1534/g3.118.200462",TRUE,9,"ORCID/OpenAlex/Crossref"
"https://openalex.org/W2802292866","10.1186/s12864-018-4676-z","Complex evolution of the GSTM gene family involves sharing of GSTM1 deletion polymorphism in humans and chimpanzees","Marie Saitou; Yoko Satta; Ömer Gökçümen; Takafumi Ishida",2018,"2018-04-01","BMC Genomics","article","https://doi.org/10.1186/s12864-018-4676-z",TRUE,15,"ORCID/OpenAlex/Crossref"
"https://openalex.org/W2796204536","10.1039/c8mo00099a","An evolutionary transcriptomics approach links CD36 to membrane remodeling in replicative senescence","Marie Saitou; Darleny Y. Lizardo; Recep Özgür Taşkent; Alec Millner; Ömer Gökçümen; G. Ekin Atilla‐Gokcumen",2018,"2018-06-20","Molecular Omics","article","https://doi.org/10.1039/c8mo00099a",FALSE,33,"ORCID/OpenAlex/Crossref"
"https://openalex.org/W2146366443","10.7314/apjcp.2015.16.1.355","Distributions of the GSTM1 and GSTT1 Null Genotypes Worldwide are Characterized by Latitudinal Clines","Marie Saitou; Takafumi Ishida",2015,"2015-02-04","Asian Pacific Journal of Cancer Prevention","article","https://doi.org/10.7314/apjcp.2015.16.1.355",TRUE,28,"ORCID/OpenAlex/Crossref"
